"x0","x1","x2","fitness","file","dimension"
-5,-5,0,-1593.94,"CF1","2D"
-5,-4.5,0,-1607.054,"CF1","2D"
-5,-4,0,-1612.513,"CF1","2D"
-5,-3.5,0,-1623.57,"CF1","2D"
-5,-3,0,-1624.919,"CF1","2D"
-5,-2.5,0,-1621.148,"CF1","2D"
-5,-2,0,-1613.894,"CF1","2D"
-5,-1.5,0,-1610.178,"CF1","2D"
-5,-1,0,-1572.879,"CF1","2D"
-5,-0.5,0,-1651.36,"CF1","2D"
-5,0,0,-1625.248,"CF1","2D"
-5,0.5,0,-1614.348,"CF1","2D"
-5,1,0,-1355.861,"CF1","2D"
-5,1.5,0,-1112.145,"CF1","2D"
-5,2,0,-1156.801,"CF1","2D"
-5,2.5,0,-1256.317,"CF1","2D"
-5,3,0,-1513.279,"CF1","2D"
-5,3.5,0,-1157.065,"CF1","2D"
-5,4,0,-1019.132,"CF1","2D"
-5,4.5,0,-830.162,"CF1","2D"
-5,5,0,-736.898,"CF1","2D"
-4.5,-5,0,-1341.691,"CF1","2D"
-4.5,-4.5,0,-1129.106,"CF1","2D"
-4.5,-4,0,-964.705,"CF1","2D"
-4.5,-3.5,0,-897.543,"CF1","2D"
-4.5,-3,0,-909.914,"CF1","2D"
-4.5,-2.5,0,-1009.673,"CF1","2D"
-4.5,-2,0,-1185.486,"CF1","2D"
-4.5,-1.5,0,-1421.649,"CF1","2D"
-4.5,-1,0,-1610.842,"CF1","2D"
-4.5,-0.5,0,-1823.26,"CF1","2D"
-4.5,0,0,-1736.237,"CF1","2D"
-4.5,0.5,0,-1631.294,"CF1","2D"
-4.5,1,0,-1320.174,"CF1","2D"
-4.5,1.5,0,-1057.826,"CF1","2D"
-4.5,2,0,-1091.053,"CF1","2D"
-4.5,2.5,0,-1174.099,"CF1","2D"
-4.5,3,0,-1397.31,"CF1","2D"
-4.5,3.5,0,-1027.899,"CF1","2D"
-4.5,4,0,-871.844,"CF1","2D"
-4.5,4.5,0,-681.182,"CF1","2D"
-4.5,5,0,-588.505,"CF1","2D"
-4,-5,0,-1138.583,"CF1","2D"
-4,-4.5,0,-763.135,"CF1","2D"
-4,-4,0,-464.066,"CF1","2D"
-4,-3.5,0,-329.605,"CF1","2D"
-4,-3,0,-354.193,"CF1","2D"
-4,-2.5,0,-544.855,"CF1","2D"
-4,-2,0,-861.347,"CF1","2D"
-4,-1.5,0,-1275.462,"CF1","2D"
-4,-1,0,-1605.757,"CF1","2D"
-4,-0.5,0,-1861.151,"CF1","2D"
-4,0,0,-1690.605,"CF1","2D"
-4,0.5,0,-1526.666,"CF1","2D"
-4,1,0,-1190.733,"CF1","2D"
-4,1.5,0,-921.965,"CF1","2D"
-4,2,0,-950.362,"CF1","2D"
-4,2.5,0,-1024.28,"CF1","2D"
-4,3,0,-1224.663,"CF1","2D"
-4,3.5,0,-859.975,"CF1","2D"
-4,4,0,-705.449,"CF1","2D"
-4,4.5,0,-529.517,"CF1","2D"
-4,5,0,-448.539,"CF1","2D"
-3.5,-5,0,-1072.54,"CF1","2D"
-3.5,-4.5,0,-636.78,"CF1","2D"
-3.5,-4,0,-253.029,"CF1","2D"
-3.5,-3.5,0,-36.784,"CF1","2D"
-3.5,-3,0,-81.336,"CF1","2D"
-3.5,-2.5,0,-362.847,"CF1","2D"
-3.5,-2,0,-752.067,"CF1","2D"
-3.5,-1.5,0,-1257.583,"CF1","2D"
-3.5,-1,0,-1672.387,"CF1","2D"
-3.5,-0.5,0,-2005.577,"CF1","2D"
-3.5,0,0,-1866.86,"CF1","2D"
-3.5,0.5,0,-1729.635,"CF1","2D"
-3.5,1,0,-1401.201,"CF1","2D"
-3.5,1.5,0,-1127.419,"CF1","2D"
-3.5,2,0,-1134.23,"CF1","2D"
-3.5,2.5,0,-1165.52,"CF1","2D"
-3.5,3,0,-1294.392,"CF1","2D"
-3.5,3.5,0,-879.173,"CF1","2D"
-3.5,4,0,-672.483,"CF1","2D"
-3.5,4.5,0,-468.035,"CF1","2D"
-3.5,5,0,-369.327,"CF1","2D"
-3,-5,0,-1112.258,"CF1","2D"
-3,-4.5,0,-741.689,"CF1","2D"
-3,-4,0,-374.44,"CF1","2D"
-3,-3.5,0,-213.835,"CF1","2D"
-3,-3,0,-256.53,"CF1","2D"
-3,-2.5,0,-512.128,"CF1","2D"
-3,-2,0,-841.163,"CF1","2D"
-3,-1.5,0,-1254.807,"CF1","2D"
-3,-1,0,-1498.238,"CF1","2D"
-3,-0.5,0,-1650.084,"CF1","2D"
-3,0,0,-1403.996,"CF1","2D"
-3,0.5,0,-1248.667,"CF1","2D"
-3,1,0,-926.624,"CF1","2D"
-3,1.5,0,-670.218,"CF1","2D"
-3,2,0,-702.285,"CF1","2D"
-3,2.5,0,-759.226,"CF1","2D"
-3,3,0,-915.754,"CF1","2D"
-3,3.5,0,-574.289,"CF1","2D"
-3,4,0,-434.233,"CF1","2D"
-3,4.5,0,-292.985,"CF1","2D"
-3,5,0,-236.963,"CF1","2D"
-2.5,-5,0,-1274.689,"CF1","2D"
-2.5,-4.5,0,-1045.517,"CF1","2D"
-2.5,-4,0,-750.877,"CF1","2D"
-2.5,-3.5,0,-780.717,"CF1","2D"
-2.5,-3,0,-821.141,"CF1","2D"
-2.5,-2.5,0,-960.297,"CF1","2D"
-2.5,-2,0,-1137.669,"CF1","2D"
-2.5,-1.5,0,-1363.143,"CF1","2D"
-2.5,-1,0,-1391.79,"CF1","2D"
-2.5,-0.5,0,-1427.469,"CF1","2D"
-2.5,0,0,-1172.784,"CF1","2D"
-2.5,0.5,0,-1042.902,"CF1","2D"
-2.5,1,0,-739.479,"CF1","2D"
-2.5,1.5,0,-497.101,"CF1","2D"
-2.5,2,0,-553.113,"CF1","2D"
-2.5,2.5,0,-607.063,"CF1","2D"
-2.5,3,0,-747.125,"CF1","2D"
-2.5,3.5,0,-431.381,"CF1","2D"
-2.5,4,0,-301.897,"CF1","2D"
-2.5,4.5,0,-186.118,"CF1","2D"
-2.5,5,0,-156.31,"CF1","2D"
-2,-5,0,-1425.473,"CF1","2D"
-2,-4.5,0,-1334.749,"CF1","2D"
-2,-4,0,-1098.507,"CF1","2D"
-2,-3.5,0,-1298.924,"CF1","2D"
-2,-3,0,-1381.703,"CF1","2D"
-2,-2.5,0,-1468.362,"CF1","2D"
-2,-2,0,-1494.111,"CF1","2D"
-2,-1.5,0,-1508.36,"CF1","2D"
-2,-1,0,-1334.397,"CF1","2D"
-2,-0.5,0,-1290.57,"CF1","2D"
-2,0,0,-1056.392,"CF1","2D"
-2,0.5,0,-955.106,"CF1","2D"
-2,1,0,-672.843,"CF1","2D"
-2,1.5,0,-438.851,"CF1","2D"
-2,2,0,-498.939,"CF1","2D"
-2,2.5,0,-542.882,"CF1","2D"
-2,3,0,-659.76,"CF1","2D"
-2,3.5,0,-346.388,"CF1","2D"
-2,4,0,-168.952,"CF1","2D"
-2,4.5,0,-69.444,"CF1","2D"
-2,5,0,-94.578,"CF1","2D"
-1.5,-5,0,-1324.247,"CF1","2D"
-1.5,-4.5,0,-1304.601,"CF1","2D"
-1.5,-4,0,-1070.006,"CF1","2D"
-1.5,-3.5,0,-1426.591,"CF1","2D"
-1.5,-3,0,-1585.972,"CF1","2D"
-1.5,-2.5,0,-1692.36,"CF1","2D"
-1.5,-2,0,-1651.559,"CF1","2D"
-1.5,-1.5,0,-1570.447,"CF1","2D"
-1.5,-1,0,-1365.212,"CF1","2D"
-1.5,-0.5,0,-1356.559,"CF1","2D"
-1.5,0,0,-1186.77,"CF1","2D"
-1.5,0.5,0,-1113.832,"CF1","2D"
-1.5,1,0,-852.48,"CF1","2D"
-1.5,1.5,0,-628.211,"CF1","2D"
-1.5,2,0,-645.472,"CF1","2D"
-1.5,2.5,0,-649.143,"CF1","2D"
-1.5,3,0,-711.367,"CF1","2D"
-1.5,3.5,0,-368.604,"CF1","2D"
-1.5,4,0,-108.122,"CF1","2D"
-1.5,4.5,0,-6.385,"CF1","2D"
-1.5,5,0,-74.582,"CF1","2D"
-1,-5,0,-1138.757,"CF1","2D"
-1,-4.5,0,-1074.519,"CF1","2D"
-1,-4,0,-691.224,"CF1","2D"
-1,-3.5,0,-1205.331,"CF1","2D"
-1,-3,0,-1476.192,"CF1","2D"
-1,-2.5,0,-1630.592,"CF1","2D"
-1,-2,0,-1587.911,"CF1","2D"
-1,-1.5,0,-1506.712,"CF1","2D"
-1,-1,0,-1371.122,"CF1","2D"
-1,-0.5,0,-1400.33,"CF1","2D"
-1,0,0,-1277.18,"CF1","2D"
-1,0.5,0,-1214.842,"CF1","2D"
-1,1,0,-977.997,"CF1","2D"
-1,1.5,0,-764.256,"CF1","2D"
-1,2,0,-752.218,"CF1","2D"
-1,2.5,0,-734.116,"CF1","2D"
-1,3,0,-757.284,"CF1","2D"
-1,3.5,0,-428.491,"CF1","2D"
-1,4,0,-222.864,"CF1","2D"
-1,4.5,0,-107.281,"CF1","2D"
-1,5,0,-109.938,"CF1","2D"
-0.5,-5,0,-667.195,"CF1","2D"
-0.5,-4.5,0,-544.752,"CF1","2D"
-0.5,-4,0,-47.088,"CF1","2D"
-0.5,-3.5,0,-622.432,"CF1","2D"
-0.5,-3,0,-959.578,"CF1","2D"
-0.5,-2.5,0,-1156.622,"CF1","2D"
-0.5,-2,0,-1144.945,"CF1","2D"
-0.5,-1.5,0,-1121.186,"CF1","2D"
-0.5,-1,0,-1110.499,"CF1","2D"
-0.5,-0.5,0,-1162.418,"CF1","2D"
-0.5,0,0,-1071.718,"CF1","2D"
-0.5,0.5,0,-1013.641,"CF1","2D"
-0.5,1,0,-829.978,"CF1","2D"
-0.5,1.5,0,-666.805,"CF1","2D"
-0.5,2,0,-664.412,"CF1","2D"
-0.5,2.5,0,-661.178,"CF1","2D"
-0.5,3,0,-689.375,"CF1","2D"
-0.5,3.5,0,-431.292,"CF1","2D"
-0.5,4,0,-294.983,"CF1","2D"
-0.5,4.5,0,-188.425,"CF1","2D"
-0.5,5,0,-152.216,"CF1","2D"
0,-5,0,-1049.304,"CF1","2D"
0,-4.5,0,-958.733,"CF1","2D"
0,-4,0,-552.527,"CF1","2D"
0,-3.5,0,-1009.552,"CF1","2D"
0,-3,0,-1235.77,"CF1","2D"
0,-2.5,0,-1410.399,"CF1","2D"
0,-2,0,-1372.739,"CF1","2D"
0,-1.5,0,-1274.804,"CF1","2D"
0,-1,0,-1132.712,"CF1","2D"
0,-0.5,0,-976.194,"CF1","2D"
0,0,0,-822.818,"CF1","2D"
0,0.5,0,-745.497,"CF1","2D"
0,1,0,-624.886,"CF1","2D"
0,1.5,0,-530.773,"CF1","2D"
0,2,0,-548.017,"CF1","2D"
0,2.5,0,-571.739,"CF1","2D"
0,3,0,-618.47,"CF1","2D"
0,3.5,0,-445.933,"CF1","2D"
0,4,0,-344.94,"CF1","2D"
0,4.5,0,-251.675,"CF1","2D"
0,5,0,-210.736,"CF1","2D"
0.5,-5,0,-1189.214,"CF1","2D"
0.5,-4.5,0,-1097.343,"CF1","2D"
0.5,-4,0,-703.042,"CF1","2D"
0.5,-3.5,0,-1125.515,"CF1","2D"
0.5,-3,0,-1316.388,"CF1","2D"
0.5,-2.5,0,-1479.234,"CF1","2D"
0.5,-2,0,-1409.256,"CF1","2D"
0.5,-1.5,0,-1212.795,"CF1","2D"
0.5,-1,0,-926.175,"CF1","2D"
0.5,-0.5,0,-640.359,"CF1","2D"
0.5,0,0,-473.005,"CF1","2D"
0.5,0.5,0,-399.684,"CF1","2D"
0.5,1,0,-338.816,"CF1","2D"
0.5,1.5,0,-309.953,"CF1","2D"
0.5,2,0,-355.405,"CF1","2D"
0.5,2.5,0,-418.033,"CF1","2D"
0.5,3,0,-498.798,"CF1","2D"
0.5,3.5,0,-437.297,"CF1","2D"
0.5,4,0,-390.757,"CF1","2D"
0.5,4.5,0,-324.854,"CF1","2D"
0.5,5,0,-287.825,"CF1","2D"
1,-5,0,-1396.787,"CF1","2D"
1,-4.5,0,-1297.029,"CF1","2D"
1,-4,0,-891.478,"CF1","2D"
1,-3.5,0,-1308.694,"CF1","2D"
1,-3,0,-1491.599,"CF1","2D"
1,-2.5,0,-1638.155,"CF1","2D"
1,-2,0,-1509.215,"CF1","2D"
1,-1.5,0,-1179.127,"CF1","2D"
1,-1,0,-783.199,"CF1","2D"
1,-0.5,0,-480.761,"CF1","2D"
1,0,0,-344.774,"CF1","2D"
1,0.5,0,-295.923,"CF1","2D"
1,1,0,-268.664,"CF1","2D"
1,1.5,0,-257.884,"CF1","2D"
1,2,0,-342.529,"CF1","2D"
1,2.5,0,-466.633,"CF1","2D"
1,3,0,-568.448,"CF1","2D"
1,3.5,0,-574.908,"CF1","2D"
1,4,0,-553.352,"CF1","2D"
1,4.5,0,-487.779,"CF1","2D"
1,5,0,-426.929,"CF1","2D"
1.5,-5,0,-1367.043,"CF1","2D"
1.5,-4.5,0,-1264.306,"CF1","2D"
1.5,-4,0,-853.601,"CF1","2D"
1.5,-3.5,0,-1270.281,"CF1","2D"
1.5,-3,0,-1448.757,"CF1","2D"
1.5,-2.5,0,-1573.642,"CF1","2D"
1.5,-2,0,-1376.961,"CF1","2D"
1.5,-1.5,0,-961.522,"CF1","2D"
1.5,-1,0,-583.185,"CF1","2D"
1.5,-0.5,0,-352.352,"CF1","2D"
1.5,0,0,-267.365,"CF1","2D"
1.5,0.5,0,-249.18,"CF1","2D"
1.5,1,0,-205.175,"CF1","2D"
1.5,1.5,0,-74.815,"CF1","2D"
1.5,2,0,-235.664,"CF1","2D"
1.5,2.5,0,-541.404,"CF1","2D"
1.5,3,0,-697.801,"CF1","2D"
1.5,3.5,0,-753.9,"CF1","2D"
1.5,4,0,-758.07,"CF1","2D"
1.5,4.5,0,-700.056,"CF1","2D"
1.5,5,0,-614.883,"CF1","2D"
2,-5,0,-1341.59,"CF1","2D"
2,-4.5,0,-1238.19,"CF1","2D"
2,-4,0,-826.012,"CF1","2D"
2,-3.5,0,-1242.531,"CF1","2D"
2,-3,0,-1414.634,"CF1","2D"
2,-2.5,0,-1505.005,"CF1","2D"
2,-2,0,-1230.225,"CF1","2D"
2,-1.5,0,-789.402,"CF1","2D"
2,-1,0,-487.921,"CF1","2D"
2,-0.5,0,-333.965,"CF1","2D"
2,0,0,-290.285,"CF1","2D"
2,0.5,0,-298.037,"CF1","2D"
2,1,0,-259.593,"CF1","2D"
2,1.5,0,-91.107,"CF1","2D"
2,2,0,-298.738,"CF1","2D"
2,2.5,0,-664.984,"CF1","2D"
2,3,0,-837.551,"CF1","2D"
2,3.5,0,-921.101,"CF1","2D"
2,4,0,-955.472,"CF1","2D"
2,4.5,0,-933.764,"CF1","2D"
2,5,0,-869.839,"CF1","2D"
2.5,-5,0,-1554.496,"CF1","2D"
2.5,-4.5,0,-1451.063,"CF1","2D"
2.5,-4,0,-1038.478,"CF1","2D"
2.5,-3.5,0,-1452.036,"CF1","2D"
2.5,-3,0,-1605.527,"CF1","2D"
2.5,-2.5,0,-1619.288,"CF1","2D"
2.5,-2,0,-1223.657,"CF1","2D"
2.5,-1.5,0,-777.484,"CF1","2D"
2.5,-1,0,-544.369,"CF1","2D"
2.5,-0.5,0,-439.874,"CF1","2D"
2.5,0,0,-411.848,"CF1","2D"
2.5,0.5,0,-422.055,"CF1","2D"
2.5,1,0,-437.276,"CF1","2D"
2.5,1.5,0,-447.447,"CF1","2D"
2.5,2,0,-565.275,"CF1","2D"
2.5,2.5,0,-724.168,"CF1","2D"
2.5,3,0,-845.192,"CF1","2D"
2.5,3.5,0,-948.636,"CF1","2D"
2.5,4,0,-1040.671,"CF1","2D"
2.5,4.5,0,-1114.618,"CF1","2D"
2.5,5,0,-1166.928,"CF1","2D"
3,-5,0,-1729.642,"CF1","2D"
3,-4.5,0,-1626.271,"CF1","2D"
3,-4,0,-1213.77,"CF1","2D"
3,-3.5,0,-1621.447,"CF1","2D"
3,-3,0,-1745.567,"CF1","2D"
3,-2.5,0,-1668.035,"CF1","2D"
3,-2,0,-1235.428,"CF1","2D"
3,-1.5,0,-902.625,"CF1","2D"
3,-1,0,-757.928,"CF1","2D"
3,-0.5,0,-680.608,"CF1","2D"
3,0,0,-629.393,"CF1","2D"
3,0.5,0,-584.274,"CF1","2D"
3,1,0,-543.748,"CF1","2D"
3,1.5,0,-515.943,"CF1","2D"
3,2,0,-526.485,"CF1","2D"
3,2.5,0,-568.666,"CF1","2D"
3,3,0,-653.498,"CF1","2D"
3,3.5,0,-792.936,"CF1","2D"
3,4,0,-985.254,"CF1","2D"
3,4.5,0,-1213.417,"CF1","2D"
3,5,0,-1453.422,"CF1","2D"
3.5,-5,0,-2173.851,"CF1","2D"
3.5,-4.5,0,-2069.673,"CF1","2D"
3.5,-4,0,-1654.939,"CF1","2D"
3.5,-3.5,0,-2042.5,"CF1","2D"
3.5,-3,0,-2092.926,"CF1","2D"
3.5,-2.5,0,-1868.906,"CF1","2D"
3.5,-2,0,-1446.161,"CF1","2D"
3.5,-1.5,0,-1232.327,"CF1","2D"
3.5,-1,0,-1138.362,"CF1","2D"
3.5,-0.5,0,-1043.939,"CF1","2D"
3.5,0,0,-918.035,"CF1","2D"
3.5,0.5,0,-756.526,"CF1","2D"
3.5,1,0,-577.633,"CF1","2D"
3.5,1.5,0,-414.898,"CF1","2D"
3.5,2,0,-307.823,"CF1","2D"
3.5,2.5,0,-278.804,"CF1","2D"
3.5,3,0,-355.029,"CF1","2D"
3.5,3.5,0,-552.538,"CF1","2D"
3.5,4,0,-863.456,"CF1","2D"
3.5,4.5,0,-1254.64,"CF1","2D"
3.5,5,0,-1679.063,"CF1","2D"
4,-5,0,-1727.328,"CF1","2D"
4,-4.5,0,-1624.243,"CF1","2D"
4,-4,0,-1217.709,"CF1","2D"
4,-3.5,0,-1619.302,"CF1","2D"
4,-3,0,-1731.41,"CF1","2D"
4,-2.5,0,-1721.486,"CF1","2D"
4,-2,0,-1656.367,"CF1","2D"
4,-1.5,0,-1637.741,"CF1","2D"
4,-1,0,-1579.511,"CF1","2D"
4,-0.5,0,-1438.303,"CF1","2D"
4,0,0,-1213.31,"CF1","2D"
4,0.5,0,-924.099,"CF1","2D"
4,1,0,-611.56,"CF1","2D"
4,1.5,0,-329.943,"CF1","2D"
4,2,0,-115.701,"CF1","2D"
4,2.5,0,-18.367,"CF1","2D"
4,3,0,-135.085,"CF1","2D"
4,3.5,0,-398.261,"CF1","2D"
4,4,0,-791.033,"CF1","2D"
4,4.5,0,-1281.803,"CF1","2D"
4,5,0,-1810.719,"CF1","2D"
4.5,-5,0,-1563.584,"CF1","2D"
4.5,-4.5,0,-1462.129,"CF1","2D"
4.5,-4,0,-1071.885,"CF1","2D"
4.5,-3.5,0,-1501.24,"CF1","2D"
4.5,-3,0,-1709.74,"CF1","2D"
4.5,-2.5,0,-1874.402,"CF1","2D"
4.5,-2,0,-1962.717,"CF1","2D"
4.5,-1.5,0,-1986.889,"CF1","2D"
4.5,-1,0,-1910.002,"CF1","2D"
4.5,-0.5,0,-1721.573,"CF1","2D"
4.5,0,0,-1436.472,"CF1","2D"
4.5,0.5,0,-1088.795,"CF1","2D"
4.5,1,0,-729.26,"CF1","2D"
4.5,1.5,0,-415.92,"CF1","2D"
4.5,2,0,-193.613,"CF1","2D"
4.5,2.5,0,-108.164,"CF1","2D"
4.5,3,0,-210.525,"CF1","2D"
4.5,3.5,0,-466.809,"CF1","2D"
4.5,4,0,-852.611,"CF1","2D"
4.5,4.5,0,-1328.751,"CF1","2D"
4.5,5,0,-1836.865,"CF1","2D"
5,-5,0,-1346.251,"CF1","2D"
5,-4.5,0,-1251.05,"CF1","2D"
5,-4,0,-906.544,"CF1","2D"
5,-3.5,0,-1407.88,"CF1","2D"
5,-3,0,-1725.501,"CF1","2D"
5,-2.5,0,-1936.111,"CF1","2D"
5,-2,0,-2027.602,"CF1","2D"
5,-1.5,0,-2035.104,"CF1","2D"
5,-1,0,-1951.939,"CF1","2D"
5,-0.5,0,-1780.742,"CF1","2D"
5,0,0,-1539.654,"CF1","2D"
5,0.5,0,-1259.618,"CF1","2D"
5,1,0,-980.521,"CF1","2D"
5,1.5,0,-744.634,"CF1","2D"
5,2,0,-589.089,"CF1","2D"
5,2.5,0,-539.252,"CF1","2D"
5,3,0,-608.002,"CF1","2D"
5,3.5,0,-791.274,"CF1","2D"
5,4,0,-1069.219,"CF1","2D"
5,4.5,0,-1408.736,"CF1","2D"
5,5,0,-1768.287,"CF1","2D"
-5,-5,0,-1487.743,"CF2","2D"
-5,-4.5,0,-1109.167,"CF2","2D"
-5,-4,0,-1393.608,"CF2","2D"
-5,-3.5,0,-1056.192,"CF2","2D"
-5,-3,0,-1384.206,"CF2","2D"
-5,-2.5,0,-1083.821,"CF2","2D"
-5,-2,0,-1447.409,"CF2","2D"
-5,-1.5,0,-1180.705,"CF2","2D"
-5,-1,0,-1527.042,"CF2","2D"
-5,-0.5,0,-1236.197,"CF2","2D"
-5,0,0,-1373.202,"CF2","2D"
-5,0.5,0,-991.987,"CF2","2D"
-5,1,0,-900.683,"CF2","2D"
-5,1.5,0,-745.834,"CF2","2D"
-5,2,0,-726.756,"CF2","2D"
-5,2.5,0,-864.568,"CF2","2D"
-5,3,0,-749.433,"CF2","2D"
-5,3.5,0,-1052.483,"CF2","2D"
-5,4,0,-554.678,"CF2","2D"
-5,4.5,0,-1045.968,"CF2","2D"
-5,5,0,-625.567,"CF2","2D"
-4.5,-5,0,-816.82,"CF2","2D"
-4.5,-4.5,0,-441.591,"CF2","2D"
-4.5,-4,0,-716.021,"CF2","2D"
-4.5,-3.5,0,-383.807,"CF2","2D"
-4.5,-3,0,-707.38,"CF2","2D"
-4.5,-2.5,0,-412.153,"CF2","2D"
-4.5,-2,0,-777.254,"CF2","2D"
-4.5,-1.5,0,-534.064,"CF2","2D"
-4.5,-1,0,-930.441,"CF2","2D"
-4.5,-0.5,0,-782.391,"CF2","2D"
-4.5,0,0,-1070.977,"CF2","2D"
-4.5,0.5,0,-814.5,"CF2","2D"
-4.5,1,0,-763.241,"CF2","2D"
-4.5,1.5,0,-633.788,"CF2","2D"
-4.5,2,0,-625.717,"CF2","2D"
-4.5,2.5,0,-726.295,"CF2","2D"
-4.5,3,0,-693.376,"CF2","2D"
-4.5,3.5,0,-835.592,"CF2","2D"
-4.5,4,0,-579.015,"CF2","2D"
-4.5,4.5,0,-814.396,"CF2","2D"
-4.5,5,0,-627.3,"CF2","2D"
-4,-5,0,-1362.166,"CF2","2D"
-4,-4.5,0,-1006.457,"CF2","2D"
-4,-4,0,-1276.743,"CF2","2D"
-4,-3.5,0,-963.202,"CF2","2D"
-4,-3,0,-1286.041,"CF2","2D"
-4,-2.5,0,-995.612,"CF2","2D"
-4,-2,0,-1349.682,"CF2","2D"
-4,-1.5,0,-1089.528,"CF2","2D"
-4,-1,0,-1400.396,"CF2","2D"
-4,-0.5,0,-1120.167,"CF2","2D"
-4,0,0,-1234.94,"CF2","2D"
-4,0.5,0,-916.519,"CF2","2D"
-4,1,0,-812.723,"CF2","2D"
-4,1.5,0,-683.369,"CF2","2D"
-4,2,0,-675.447,"CF2","2D"
-4,2.5,0,-654.466,"CF2","2D"
-4,3,0,-824.385,"CF2","2D"
-4,3.5,0,-541.656,"CF2","2D"
-4,4,0,-825.377,"CF2","2D"
-4,4.5,0,-456.069,"CF2","2D"
-4,5,0,-762.892,"CF2","2D"
-3.5,-5,0,-758.784,"CF2","2D"
-3.5,-4.5,0,-416.625,"CF2","2D"
-3.5,-4,0,-653.517,"CF2","2D"
-3.5,-3.5,0,-325.852,"CF2","2D"
-3.5,-3,0,-655.01,"CF2","2D"
-3.5,-2.5,0,-385.748,"CF2","2D"
-3.5,-2,0,-741.506,"CF2","2D"
-3.5,-1.5,0,-520.188,"CF2","2D"
-3.5,-1,0,-897.716,"CF2","2D"
-3.5,-0.5,0,-781.882,"CF2","2D"
-3.5,0,0,-1020.102,"CF2","2D"
-3.5,0.5,0,-783.047,"CF2","2D"
-3.5,1,0,-699.16,"CF2","2D"
-3.5,1.5,0,-586.16,"CF2","2D"
-3.5,2,0,-582.694,"CF2","2D"
-3.5,2.5,0,-542.627,"CF2","2D"
-3.5,3,0,-745.05,"CF2","2D"
-3.5,3.5,0,-411.031,"CF2","2D"
-3.5,4,0,-774.879,"CF2","2D"
-3.5,4.5,0,-346.264,"CF2","2D"
-3.5,5,0,-714.771,"CF2","2D"
-3,-5,0,-1238.375,"CF2","2D"
-3,-4.5,0,-954.052,"CF2","2D"
-3,-4,0,-1178.077,"CF2","2D"
-3,-3.5,0,-946.487,"CF2","2D"
-3,-3,0,-1252.783,"CF2","2D"
-3,-2.5,0,-985.634,"CF2","2D"
-3,-2,0,-1302.765,"CF2","2D"
-3,-1.5,0,-1040.887,"CF2","2D"
-3,-1,0,-1245.61,"CF2","2D"
-3,-0.5,0,-912.676,"CF2","2D"
-3,0,0,-977.036,"CF2","2D"
-3,0.5,0,-662.484,"CF2","2D"
-3,1,0,-580.285,"CF2","2D"
-3,1.5,0,-456.796,"CF2","2D"
-3,2,0,-440.208,"CF2","2D"
-3,2.5,0,-508.1,"CF2","2D"
-3,3,0,-474.33,"CF2","2D"
-3,3.5,0,-553.93,"CF2","2D"
-3,4,0,-404.076,"CF2","2D"
-3,4.5,0,-550.009,"CF2","2D"
-3,5,0,-469.025,"CF2","2D"
-2.5,-5,0,-797.675,"CF2","2D"
-2.5,-4.5,0,-545.079,"CF2","2D"
-2.5,-4,0,-650.698,"CF2","2D"
-2.5,-3.5,0,-476.705,"CF2","2D"
-2.5,-3,0,-719.055,"CF2","2D"
-2.5,-2.5,0,-528.349,"CF2","2D"
-2.5,-2,0,-808.266,"CF2","2D"
-2.5,-1.5,0,-589.262,"CF2","2D"
-2.5,-1,0,-832.915,"CF2","2D"
-2.5,-0.5,0,-640.871,"CF2","2D"
-2.5,0,0,-792.962,"CF2","2D"
-2.5,0.5,0,-516.237,"CF2","2D"
-2.5,1,0,-467.06,"CF2","2D"
-2.5,1.5,0,-329.808,"CF2","2D"
-2.5,2,0,-326.616,"CF2","2D"
-2.5,2.5,0,-470.996,"CF2","2D"
-2.5,3,0,-269.278,"CF2","2D"
-2.5,3.5,0,-624.744,"CF2","2D"
-2.5,4,0,-142.779,"CF2","2D"
-2.5,4.5,0,-699.846,"CF2","2D"
-2.5,5,0,-301.792,"CF2","2D"
-2,-5,0,-1041.916,"CF2","2D"
-2,-4.5,0,-884.076,"CF2","2D"
-2,-4,0,-927.831,"CF2","2D"
-2,-3.5,0,-902.704,"CF2","2D"
-2,-3,0,-1112.337,"CF2","2D"
-2,-2.5,0,-1020.856,"CF2","2D"
-2,-2,0,-1253.855,"CF2","2D"
-2,-1.5,0,-1030.919,"CF2","2D"
-2,-1,0,-1097.034,"CF2","2D"
-2,-0.5,0,-794.19,"CF2","2D"
-2,0,0,-823.852,"CF2","2D"
-2,0.5,0,-538.687,"CF2","2D"
-2,1,0,-469.876,"CF2","2D"
-2,1.5,0,-327.806,"CF2","2D"
-2,2,0,-336.719,"CF2","2D"
-2,2.5,0,-394.424,"CF2","2D"
-2,3,0,-321.329,"CF2","2D"
-2,3.5,0,-336.017,"CF2","2D"
-2,4,0,-326.136,"CF2","2D"
-2,4.5,0,-622.315,"CF2","2D"
-2,5,0,-406.023,"CF2","2D"
-1.5,-5,0,-639.885,"CF2","2D"
-1.5,-4.5,0,-522.932,"CF2","2D"
-1.5,-4,0,-453.56,"CF2","2D"
-1.5,-3.5,0,-525.747,"CF2","2D"
-1.5,-3,0,-663.726,"CF2","2D"
-1.5,-2.5,0,-652.89,"CF2","2D"
-1.5,-2,0,-835.786,"CF2","2D"
-1.5,-1.5,0,-706.514,"CF2","2D"
-1.5,-1,0,-863.055,"CF2","2D"
-1.5,-0.5,0,-766.08,"CF2","2D"
-1.5,0,0,-858.481,"CF2","2D"
-1.5,0.5,0,-641.707,"CF2","2D"
-1.5,1,0,-546.28,"CF2","2D"
-1.5,1.5,0,-428.733,"CF2","2D"
-1.5,2,0,-427.113,"CF2","2D"
-1.5,2.5,0,-323.742,"CF2","2D"
-1.5,3,0,-433.591,"CF2","2D"
-1.5,3.5,0,-34.82,"CF2","2D"
-1.5,4,0,-244.456,"CF2","2D"
-1.5,4.5,0,-253.989,"CF2","2D"
-1.5,5,0,-616.147,"CF2","2D"
-1,-5,0,-669.745,"CF2","2D"
-1,-4.5,0,-583.245,"CF2","2D"
-1,-4,0,-391.831,"CF2","2D"
-1,-3.5,0,-635.457,"CF2","2D"
-1,-3,0,-774.554,"CF2","2D"
-1,-2.5,0,-871.696,"CF2","2D"
-1,-2,0,-1030.635,"CF2","2D"
-1,-1.5,0,-911.086,"CF2","2D"
-1,-1,0,-1050.787,"CF2","2D"
-1,-0.5,0,-817.615,"CF2","2D"
-1,0,0,-931.235,"CF2","2D"
-1,0.5,0,-702.251,"CF2","2D"
-1,1,0,-547.748,"CF2","2D"
-1,1.5,0,-512.738,"CF2","2D"
-1,2,0,-391.902,"CF2","2D"
-1,2.5,0,-352.379,"CF2","2D"
-1,3,0,-417.171,"CF2","2D"
-1,3.5,0,-140.838,"CF2","2D"
-1,4,0,-381.497,"CF2","2D"
-1,4.5,0,-202.426,"CF2","2D"
-1,5,0,-512.373,"CF2","2D"
-0.5,-5,0,-328.053,"CF2","2D"
-0.5,-4.5,0,-263.226,"CF2","2D"
-0.5,-4,0,-21.356,"CF2","2D"
-0.5,-3.5,0,-300.546,"CF2","2D"
-0.5,-3,0,-385.183,"CF2","2D"
-0.5,-2.5,0,-528.121,"CF2","2D"
-0.5,-2,0,-665.805,"CF2","2D"
-0.5,-1.5,0,-609.945,"CF2","2D"
-0.5,-1,0,-943.69,"CF2","2D"
-0.5,-0.5,0,-788.952,"CF2","2D"
-0.5,0,0,-1045.138,"CF2","2D"
-0.5,0.5,0,-823.828,"CF2","2D"
-0.5,1,0,-649.132,"CF2","2D"
-0.5,1.5,0,-668.087,"CF2","2D"
-0.5,2,0,-396.814,"CF2","2D"
-0.5,2.5,0,-507.166,"CF2","2D"
-0.5,3,0,-282.905,"CF2","2D"
-0.5,3.5,0,-353.347,"CF2","2D"
-0.5,4,0,-198.249,"CF2","2D"
-0.5,4.5,0,-361.324,"CF2","2D"
-0.5,5,0,-306.743,"CF2","2D"
0,-5,0,-567.892,"CF2","2D"
0,-4.5,0,-522.593,"CF2","2D"
0,-4,0,-305.397,"CF2","2D"
0,-3.5,0,-565.107,"CF2","2D"
0,-3,0,-625.791,"CF2","2D"
0,-2.5,0,-803.032,"CF2","2D"
0,-2,0,-876.995,"CF2","2D"
0,-1.5,0,-885.674,"CF2","2D"
0,-1,0,-841.046,"CF2","2D"
0,-0.5,0,-907.399,"CF2","2D"
0,0,0,-841.621,"CF2","2D"
0,0.5,0,-703.997,"CF2","2D"
0,1,0,-701.133,"CF2","2D"
0,1.5,0,-478.162,"CF2","2D"
0,2,0,-499.141,"CF2","2D"
0,2.5,0,-399.667,"CF2","2D"
0,3,0,-245.84,"CF2","2D"
0,3.5,0,-173.735,"CF2","2D"
0,4,0,-41.342,"CF2","2D"
0,4.5,0,-369.775,"CF2","2D"
0,5,0,-219.209,"CF2","2D"
0.5,-5,0,-568.5,"CF2","2D"
0.5,-4.5,0,-534.268,"CF2","2D"
0.5,-4,0,-324.378,"CF2","2D"
0.5,-3.5,0,-569.531,"CF2","2D"
0.5,-3,0,-600.645,"CF2","2D"
0.5,-2.5,0,-796.91,"CF2","2D"
0.5,-2,0,-797.827,"CF2","2D"
0.5,-1.5,0,-1002.651,"CF2","2D"
0.5,-1,0,-558.305,"CF2","2D"
0.5,-0.5,0,-1123.497,"CF2","2D"
0.5,0,0,-701.314,"CF2","2D"
0.5,0.5,0,-688.688,"CF2","2D"
0.5,1,0,-894.948,"CF2","2D"
0.5,1.5,0,-312.215,"CF2","2D"
0.5,2,0,-805.307,"CF2","2D"
0.5,2.5,0,-231.372,"CF2","2D"
0.5,3,0,-455.494,"CF2","2D"
0.5,3.5,0,-153.416,"CF2","2D"
0.5,4,0,-139.472,"CF2","2D"
0.5,4.5,0,-269.607,"CF2","2D"
0.5,5,0,-284.485,"CF2","2D"
1,-5,0,-759.57,"CF2","2D"
1,-4.5,0,-729.163,"CF2","2D"
1,-4,0,-514.515,"CF2","2D"
1,-3.5,0,-766.34,"CF2","2D"
1,-3,0,-792.757,"CF2","2D"
1,-2.5,0,-986.589,"CF2","2D"
1,-2,0,-994.059,"CF2","2D"
1,-1.5,0,-1017.838,"CF2","2D"
1,-1,0,-779.841,"CF2","2D"
1,-0.5,0,-900.106,"CF2","2D"
1,0,0,-748.271,"CF2","2D"
1,0.5,0,-692.557,"CF2","2D"
1,1,0,-758.933,"CF2","2D"
1,1.5,0,-511.119,"CF2","2D"
1,2,0,-697.013,"CF2","2D"
1,2.5,0,-367.122,"CF2","2D"
1,3,0,-510.546,"CF2","2D"
1,3.5,0,-231.611,"CF2","2D"
1,4,0,-362.635,"CF2","2D"
1,4.5,0,-212.669,"CF2","2D"
1,5,0,-367.802,"CF2","2D"
1.5,-5,0,-805.108,"CF2","2D"
1.5,-4.5,0,-775.217,"CF2","2D"
1.5,-4,0,-555.753,"CF2","2D"
1.5,-3.5,0,-809.783,"CF2","2D"
1.5,-3,0,-838.209,"CF2","2D"
1.5,-2.5,0,-990.212,"CF2","2D"
1.5,-2,0,-1162.781,"CF2","2D"
1.5,-1.5,0,-653.094,"CF2","2D"
1.5,-1,0,-1287.588,"CF2","2D"
1.5,-0.5,0,-497.735,"CF2","2D"
1.5,0,0,-964.071,"CF2","2D"
1.5,0.5,0,-784.413,"CF2","2D"
1.5,1,0,-511.603,"CF2","2D"
1.5,1.5,0,-1102.089,"CF2","2D"
1.5,2,0,-258.93,"CF2","2D"
1.5,2.5,0,-880.828,"CF2","2D"
1.5,3,0,-401.447,"CF2","2D"
1.5,3.5,0,-515.028,"CF2","2D"
1.5,4,0,-457.113,"CF2","2D"
1.5,4.5,0,-318.292,"CF2","2D"
1.5,5,0,-458.758,"CF2","2D"
2,-5,0,-774.71,"CF2","2D"
2,-4.5,0,-745.874,"CF2","2D"
2,-4,0,-525.312,"CF2","2D"
2,-3.5,0,-782.08,"CF2","2D"
2,-3,0,-815.257,"CF2","2D"
2,-2.5,0,-949.315,"CF2","2D"
2,-2,0,-1173.283,"CF2","2D"
2,-1.5,0,-580.945,"CF2","2D"
2,-1,0,-1251.707,"CF2","2D"
2,-0.5,0,-487.973,"CF2","2D"
2,0,0,-934.281,"CF2","2D"
2,0.5,0,-723.409,"CF2","2D"
2,1,0,-536.034,"CF2","2D"
2,1.5,0,-1045.411,"CF2","2D"
2,2,0,-309.972,"CF2","2D"
2,2.5,0,-833.302,"CF2","2D"
2,3,0,-449.652,"CF2","2D"
2,3.5,0,-562.736,"CF2","2D"
2,4,0,-512.896,"CF2","2D"
2,4.5,0,-401.268,"CF2","2D"
2,5,0,-526.449,"CF2","2D"
2.5,-5,0,-740.758,"CF2","2D"
2.5,-4.5,0,-711.74,"CF2","2D"
2.5,-4,0,-491.953,"CF2","2D"
2.5,-3.5,0,-751.223,"CF2","2D"
2.5,-3,0,-777.456,"CF2","2D"
2.5,-2.5,0,-1012.92,"CF2","2D"
2.5,-2,0,-899.653,"CF2","2D"
2.5,-1.5,0,-1131.856,"CF2","2D"
2.5,-1,0,-769.589,"CF2","2D"
2.5,-0.5,0,-977.841,"CF2","2D"
2.5,0,0,-878.895,"CF2","2D"
2.5,0.5,0,-738.174,"CF2","2D"
2.5,1,0,-1022.84,"CF2","2D"
2.5,1.5,0,-553.565,"CF2","2D"
2.5,2,0,-1101.649,"CF2","2D"
2.5,2.5,0,-536.839,"CF2","2D"
2.5,3,0,-1064.519,"CF2","2D"
2.5,3.5,0,-594.402,"CF2","2D"
2.5,4,0,-929.884,"CF2","2D"
2.5,4.5,0,-642.801,"CF2","2D"
2.5,5,0,-821.807,"CF2","2D"
3,-5,0,-794.032,"CF2","2D"
3,-4.5,0,-764.819,"CF2","2D"
3,-4,0,-547.728,"CF2","2D"
3,-3.5,0,-809.29,"CF2","2D"
3,-3,0,-823.977,"CF2","2D"
3,-2.5,0,-1155.414,"CF2","2D"
3,-2,0,-703.267,"CF2","2D"
3,-1.5,0,-1373.363,"CF2","2D"
3,-1,0,-520.049,"CF2","2D"
3,-0.5,0,-1044.283,"CF2","2D"
3,0,0,-769.635,"CF2","2D"
3,0.5,0,-558.31,"CF2","2D"
3,1,0,-1050.142,"CF2","2D"
3,1.5,0,-220.932,"CF2","2D"
3,2,0,-1146.03,"CF2","2D"
3,2.5,0,-159.557,"CF2","2D"
3,3,0,-1055.76,"CF2","2D"
3,3.5,0,-294.278,"CF2","2D"
3,4,0,-921.605,"CF2","2D"
3,4.5,0,-474.446,"CF2","2D"
3,5,0,-872.463,"CF2","2D"
3.5,-5,0,-990.581,"CF2","2D"
3.5,-4.5,0,-962.311,"CF2","2D"
3.5,-4,0,-746.728,"CF2","2D"
3.5,-3.5,0,-1009.134,"CF2","2D"
3.5,-3,0,-1065.34,"CF2","2D"
3.5,-2.5,0,-1211.194,"CF2","2D"
3.5,-2,0,-1216.636,"CF2","2D"
3.5,-1.5,0,-1094.785,"CF2","2D"
3.5,-1,0,-1163.34,"CF2","2D"
3.5,-0.5,0,-934.566,"CF2","2D"
3.5,0,0,-1173.096,"CF2","2D"
3.5,0.5,0,-788.3,"CF2","2D"
3.5,1,0,-1204.493,"CF2","2D"
3.5,1.5,0,-691.148,"CF2","2D"
3.5,2,0,-1271.145,"CF2","2D"
3.5,2.5,0,-665.597,"CF2","2D"
3.5,3,0,-1306.903,"CF2","2D"
3.5,3.5,0,-702.945,"CF2","2D"
3.5,4,0,-1343.992,"CF2","2D"
3.5,4.5,0,-798.043,"CF2","2D"
3.5,5,0,-1426.868,"CF2","2D"
4,-5,0,-1018.852,"CF2","2D"
4,-4.5,0,-994.001,"CF2","2D"
4,-4,0,-780.395,"CF2","2D"
4,-3.5,0,-1042.647,"CF2","2D"
4,-3,0,-1208.474,"CF2","2D"
4,-2.5,0,-931.048,"CF2","2D"
4,-2,0,-1603.266,"CF2","2D"
4,-1.5,0,-536.132,"CF2","2D"
4,-1,0,-1428.735,"CF2","2D"
4,-0.5,0,-484.34,"CF2","2D"
4,0,0,-1107.556,"CF2","2D"
4,0.5,0,-507.623,"CF2","2D"
4,1,0,-860.074,"CF2","2D"
4,1.5,0,-457.14,"CF2","2D"
4,2,0,-860.714,"CF2","2D"
4,2.5,0,-167.259,"CF2","2D"
4,3,0,-890.578,"CF2","2D"
4,3.5,0,-327.502,"CF2","2D"
4,4,0,-985.508,"CF2","2D"
4,4.5,0,-377.211,"CF2","2D"
4,5,0,-1163.539,"CF2","2D"
4.5,-5,0,-1270.437,"CF2","2D"
4.5,-4.5,0,-1247.8,"CF2","2D"
4.5,-4,0,-1051.145,"CF2","2D"
4.5,-3.5,0,-1315.157,"CF2","2D"
4.5,-3,0,-1576.94,"CF2","2D"
4.5,-2.5,0,-1232.602,"CF2","2D"
4.5,-2,0,-1855.36,"CF2","2D"
4.5,-1.5,0,-973.163,"CF2","2D"
4.5,-1,0,-1706.548,"CF2","2D"
4.5,-0.5,0,-882.939,"CF2","2D"
4.5,0,0,-1499.536,"CF2","2D"
4.5,0.5,0,-833.504,"CF2","2D"
4.5,1,0,-1353.821,"CF2","2D"
4.5,1.5,0,-773.399,"CF2","2D"
4.5,2,0,-1368.281,"CF2","2D"
4.5,2.5,0,-683.097,"CF2","2D"
4.5,3,0,-1399.135,"CF2","2D"
4.5,3.5,0,-736.885,"CF2","2D"
4.5,4,0,-1487.748,"CF2","2D"
4.5,4.5,0,-828.745,"CF2","2D"
4.5,5,0,-1662.381,"CF2","2D"
5,-5,0,-1028.053,"CF2","2D"
5,-4.5,0,-1005.604,"CF2","2D"
5,-4,0,-882.177,"CF2","2D"
5,-3.5,0,-1165.475,"CF2","2D"
5,-3,0,-1468.321,"CF2","2D"
5,-2.5,0,-1270.741,"CF2","2D"
5,-2,0,-1418.359,"CF2","2D"
5,-1.5,0,-983.946,"CF2","2D"
5,-1,0,-1257.734,"CF2","2D"
5,-0.5,0,-669.014,"CF2","2D"
5,0,0,-1145.548,"CF2","2D"
5,0.5,0,-412.179,"CF2","2D"
5,1,0,-1058.427,"CF2","2D"
5,1.5,0,-255.449,"CF2","2D"
5,2,0,-999.55,"CF2","2D"
5,2.5,0,-201.401,"CF2","2D"
5,3,0,-995.283,"CF2","2D"
5,3.5,0,-246.468,"CF2","2D"
5,4,0,-1064.771,"CF2","2D"
5,4.5,0,-369.97,"CF2","2D"
5,5,0,-1217.02,"CF2","2D"
-5,-5,0,-8.085,"shubert","2D"
-5,-4.5,0,7.676,"shubert","2D"
-5,-4,0,-8.277,"shubert","2D"
-5,-3.5,0,7.504,"shubert","2D"
-5,-3,0,-10.273,"shubert","2D"
-5,-2.5,0,10.174,"shubert","2D"
-5,-2,0,-17.526,"shubert","2D"
-5,-1.5,0,34.127,"shubert","2D"
-5,-1,0,-23.044,"shubert","2D"
-5,-0.5,0,-7.331,"shubert","2D"
-5,0,0,12.676,"shubert","2D"
-5,0.5,0,-4.95,"shubert","2D"
-5,1,0,5.071,"shubert","2D"
-5,1.5,0,-3.364,"shubert","2D"
-5,2,0,2.34,"shubert","2D"
-5,2.5,0,-2.613,"shubert","2D"
-5,3,0,0.642,"shubert","2D"
-5,3.5,0,-2.081,"shubert","2D"
-5,4,0,-0.81,"shubert","2D"
-5,4.5,0,-1.537,"shubert","2D"
-5,5,0,27.453,"shubert","2D"
-4.5,-5,0,7.676,"shubert","2D"
-4.5,-4.5,0,-7.288,"shubert","2D"
-4.5,-4,0,7.859,"shubert","2D"
-4.5,-3.5,0,-7.125,"shubert","2D"
-4.5,-3,0,9.754,"shubert","2D"
-4.5,-2.5,0,-9.659,"shubert","2D"
-4.5,-2,0,16.64,"shubert","2D"
-4.5,-1.5,0,-32.403,"shubert","2D"
-4.5,-1,0,21.879,"shubert","2D"
-4.5,-0.5,0,6.96,"shubert","2D"
-4.5,0,0,-12.036,"shubert","2D"
-4.5,0.5,0,4.7,"shubert","2D"
-4.5,1,0,-4.814,"shubert","2D"
-4.5,1.5,0,3.194,"shubert","2D"
-4.5,2,0,-2.222,"shubert","2D"
-4.5,2.5,0,2.481,"shubert","2D"
-4.5,3,0,-0.609,"shubert","2D"
-4.5,3.5,0,1.976,"shubert","2D"
-4.5,4,0,0.769,"shubert","2D"
-4.5,4.5,0,1.459,"shubert","2D"
-4.5,5,0,-26.065,"shubert","2D"
-4,-5,0,-8.277,"shubert","2D"
-4,-4.5,0,7.859,"shubert","2D"
-4,-4,0,-8.474,"shubert","2D"
-4,-3.5,0,7.683,"shubert","2D"
-4,-3,0,-10.517,"shubert","2D"
-4,-2.5,0,10.416,"shubert","2D"
-4,-2,0,-17.943,"shubert","2D"
-4,-1.5,0,34.939,"shubert","2D"
-4,-1,0,-23.592,"shubert","2D"
-4,-0.5,0,-7.505,"shubert","2D"
-4,0,0,12.978,"shubert","2D"
-4,0.5,0,-5.067,"shubert","2D"
-4,1,0,5.191,"shubert","2D"
-4,1.5,0,-3.444,"shubert","2D"
-4,2,0,2.396,"shubert","2D"
-4,2.5,0,-2.675,"shubert","2D"
-4,3,0,0.657,"shubert","2D"
-4,3.5,0,-2.131,"shubert","2D"
-4,4,0,-0.829,"shubert","2D"
-4,4.5,0,-1.573,"shubert","2D"
-4,5,0,28.106,"shubert","2D"
-3.5,-5,0,7.504,"shubert","2D"
-3.5,-4.5,0,-7.125,"shubert","2D"
-3.5,-4,0,7.683,"shubert","2D"
-3.5,-3.5,0,-6.965,"shubert","2D"
-3.5,-3,0,9.535,"shubert","2D"
-3.5,-2.5,0,-9.443,"shubert","2D"
-3.5,-2,0,16.268,"shubert","2D"
-3.5,-1.5,0,-31.677,"shubert","2D"
-3.5,-1,0,21.389,"shubert","2D"
-3.5,-0.5,0,6.805,"shubert","2D"
-3.5,0,0,-11.766,"shubert","2D"
-3.5,0.5,0,4.594,"shubert","2D"
-3.5,1,0,-4.707,"shubert","2D"
-3.5,1.5,0,3.122,"shubert","2D"
-3.5,2,0,-2.172,"shubert","2D"
-3.5,2.5,0,2.425,"shubert","2D"
-3.5,3,0,-0.596,"shubert","2D"
-3.5,3.5,0,1.932,"shubert","2D"
-3.5,4,0,0.752,"shubert","2D"
-3.5,4.5,0,1.426,"shubert","2D"
-3.5,5,0,-25.482,"shubert","2D"
-3,-5,0,-10.273,"shubert","2D"
-3,-4.5,0,9.754,"shubert","2D"
-3,-4,0,-10.517,"shubert","2D"
-3,-3.5,0,9.535,"shubert","2D"
-3,-3,0,-13.054,"shubert","2D"
-3,-2.5,0,12.927,"shubert","2D"
-3,-2,0,-22.27,"shubert","2D"
-3,-1.5,0,43.365,"shubert","2D"
-3,-1,0,-29.282,"shubert","2D"
-3,-0.5,0,-9.315,"shubert","2D"
-3,0,0,16.108,"shubert","2D"
-3,0.5,0,-6.289,"shubert","2D"
-3,1,0,6.443,"shubert","2D"
-3,1.5,0,-4.274,"shubert","2D"
-3,2,0,2.973,"shubert","2D"
-3,2.5,0,-3.32,"shubert","2D"
-3,3,0,0.815,"shubert","2D"
-3,3.5,0,-2.645,"shubert","2D"
-3,4,0,-1.029,"shubert","2D"
-3,4.5,0,-1.953,"shubert","2D"
-3,5,0,34.884,"shubert","2D"
-2.5,-5,0,10.174,"shubert","2D"
-2.5,-4.5,0,-9.659,"shubert","2D"
-2.5,-4,0,10.416,"shubert","2D"
-2.5,-3.5,0,-9.443,"shubert","2D"
-2.5,-3,0,12.927,"shubert","2D"
-2.5,-2.5,0,-12.802,"shubert","2D"
-2.5,-2,0,22.054,"shubert","2D"
-2.5,-1.5,0,-42.945,"shubert","2D"
-2.5,-1,0,28.998,"shubert","2D"
-2.5,-0.5,0,9.225,"shubert","2D"
-2.5,0,0,-15.952,"shubert","2D"
-2.5,0.5,0,6.229,"shubert","2D"
-2.5,1,0,-6.381,"shubert","2D"
-2.5,1.5,0,4.233,"shubert","2D"
-2.5,2,0,-2.944,"shubert","2D"
-2.5,2.5,0,3.288,"shubert","2D"
-2.5,3,0,-0.807,"shubert","2D"
-2.5,3.5,0,2.619,"shubert","2D"
-2.5,4,0,1.019,"shubert","2D"
-2.5,4.5,0,1.934,"shubert","2D"
-2.5,5,0,-34.546,"shubert","2D"
-2,-5,0,-17.526,"shubert","2D"
-2,-4.5,0,16.64,"shubert","2D"
-2,-4,0,-17.943,"shubert","2D"
-2,-3.5,0,16.268,"shubert","2D"
-2,-3,0,-22.27,"shubert","2D"
-2,-2.5,0,22.054,"shubert","2D"
-2,-2,0,-37.994,"shubert","2D"
-2,-1.5,0,73.982,"shubert","2D"
-2,-1,0,-49.956,"shubert","2D"
-2,-0.5,0,-15.892,"shubert","2D"
-2,0,0,27.48,"shubert","2D"
-2,0.5,0,-10.73,"shubert","2D"
-2,1,0,10.992,"shubert","2D"
-2,1.5,0,-7.292,"shubert","2D"
-2,2,0,5.072,"shubert","2D"
-2,2.5,0,-5.665,"shubert","2D"
-2,3,0,1.391,"shubert","2D"
-2,3.5,0,-4.512,"shubert","2D"
-2,4,0,-1.756,"shubert","2D"
-2,4.5,0,-3.332,"shubert","2D"
-2,5,0,59.513,"shubert","2D"
-1.5,-5,0,34.127,"shubert","2D"
-1.5,-4.5,0,-32.403,"shubert","2D"
-1.5,-4,0,34.939,"shubert","2D"
-1.5,-3.5,0,-31.677,"shubert","2D"
-1.5,-3,0,43.365,"shubert","2D"
-1.5,-2.5,0,-42.945,"shubert","2D"
-1.5,-2,0,73.982,"shubert","2D"
-1.5,-1.5,0,-144.059,"shubert","2D"
-1.5,-1,0,97.274,"shubert","2D"
-1.5,-0.5,0,30.946,"shubert","2D"
-1.5,0,0,-53.51,"shubert","2D"
-1.5,0.5,0,20.894,"shubert","2D"
-1.5,1,0,-21.405,"shubert","2D"
-1.5,1.5,0,14.199,"shubert","2D"
-1.5,2,0,-9.877,"shubert","2D"
-1.5,2.5,0,11.03,"shubert","2D"
-1.5,3,0,-2.708,"shubert","2D"
-1.5,3.5,0,8.786,"shubert","2D"
-1.5,4,0,3.419,"shubert","2D"
-1.5,4.5,0,6.487,"shubert","2D"
-1.5,5,0,-115.885,"shubert","2D"
-1,-5,0,-23.044,"shubert","2D"
-1,-4.5,0,21.879,"shubert","2D"
-1,-4,0,-23.592,"shubert","2D"
-1,-3.5,0,21.389,"shubert","2D"
-1,-3,0,-29.282,"shubert","2D"
-1,-2.5,0,28.998,"shubert","2D"
-1,-2,0,-49.956,"shubert","2D"
-1,-1.5,0,97.274,"shubert","2D"
-1,-1,0,-65.683,"shubert","2D"
-1,-0.5,0,-20.896,"shubert","2D"
-1,0,0,36.132,"shubert","2D"
-1,0.5,0,-14.108,"shubert","2D"
-1,1,0,14.453,"shubert","2D"
-1,1.5,0,-9.588,"shubert","2D"
-1,2,0,6.669,"shubert","2D"
-1,2.5,0,-7.448,"shubert","2D"
-1,3,0,1.829,"shubert","2D"
-1,3.5,0,-5.933,"shubert","2D"
-1,4,0,-2.309,"shubert","2D"
-1,4.5,0,-4.38,"shubert","2D"
-1,5,0,78.25,"shubert","2D"
-0.5,-5,0,-7.331,"shubert","2D"
-0.5,-4.5,0,6.96,"shubert","2D"
-0.5,-4,0,-7.505,"shubert","2D"
-0.5,-3.5,0,6.805,"shubert","2D"
-0.5,-3,0,-9.315,"shubert","2D"
-0.5,-2.5,0,9.225,"shubert","2D"
-0.5,-2,0,-15.892,"shubert","2D"
-0.5,-1.5,0,30.946,"shubert","2D"
-0.5,-1,0,-20.896,"shubert","2D"
-0.5,-0.5,0,-6.648,"shubert","2D"
-0.5,0,0,11.495,"shubert","2D"
-0.5,0.5,0,-4.488,"shubert","2D"
-0.5,1,0,4.598,"shubert","2D"
-0.5,1.5,0,-3.05,"shubert","2D"
-0.5,2,0,2.122,"shubert","2D"
-0.5,2.5,0,-2.369,"shubert","2D"
-0.5,3,0,0.582,"shubert","2D"
-0.5,3.5,0,-1.887,"shubert","2D"
-0.5,4,0,-0.735,"shubert","2D"
-0.5,4.5,0,-1.394,"shubert","2D"
-0.5,5,0,24.894,"shubert","2D"
0,-5,0,12.676,"shubert","2D"
0,-4.5,0,-12.036,"shubert","2D"
0,-4,0,12.978,"shubert","2D"
0,-3.5,0,-11.766,"shubert","2D"
0,-3,0,16.108,"shubert","2D"
0,-2.5,0,-15.952,"shubert","2D"
0,-2,0,27.48,"shubert","2D"
0,-1.5,0,-53.51,"shubert","2D"
0,-1,0,36.132,"shubert","2D"
0,-0.5,0,11.495,"shubert","2D"
0,0,0,-19.876,"shubert","2D"
0,0.5,0,7.761,"shubert","2D"
0,1,0,-7.951,"shubert","2D"
0,1.5,0,5.274,"shubert","2D"
0,2,0,-3.669,"shubert","2D"
0,2.5,0,4.097,"shubert","2D"
0,3,0,-1.006,"shubert","2D"
0,3.5,0,3.264,"shubert","2D"
0,4,0,1.27,"shubert","2D"
0,4.5,0,2.41,"shubert","2D"
0,5,0,-43.045,"shubert","2D"
0.5,-5,0,-4.95,"shubert","2D"
0.5,-4.5,0,4.7,"shubert","2D"
0.5,-4,0,-5.067,"shubert","2D"
0.5,-3.5,0,4.594,"shubert","2D"
0.5,-3,0,-6.289,"shubert","2D"
0.5,-2.5,0,6.229,"shubert","2D"
0.5,-2,0,-10.73,"shubert","2D"
0.5,-1.5,0,20.894,"shubert","2D"
0.5,-1,0,-14.108,"shubert","2D"
0.5,-0.5,0,-4.488,"shubert","2D"
0.5,0,0,7.761,"shubert","2D"
0.5,0.5,0,-3.03,"shubert","2D"
0.5,1,0,3.104,"shubert","2D"
0.5,1.5,0,-2.059,"shubert","2D"
0.5,2,0,1.433,"shubert","2D"
0.5,2.5,0,-1.6,"shubert","2D"
0.5,3,0,0.393,"shubert","2D"
0.5,3.5,0,-1.274,"shubert","2D"
0.5,4,0,-0.496,"shubert","2D"
0.5,4.5,0,-0.941,"shubert","2D"
0.5,5,0,16.807,"shubert","2D"
1,-5,0,5.071,"shubert","2D"
1,-4.5,0,-4.814,"shubert","2D"
1,-4,0,5.191,"shubert","2D"
1,-3.5,0,-4.707,"shubert","2D"
1,-3,0,6.443,"shubert","2D"
1,-2.5,0,-6.381,"shubert","2D"
1,-2,0,10.992,"shubert","2D"
1,-1.5,0,-21.405,"shubert","2D"
1,-1,0,14.453,"shubert","2D"
1,-0.5,0,4.598,"shubert","2D"
1,0,0,-7.951,"shubert","2D"
1,0.5,0,3.104,"shubert","2D"
1,1,0,-3.18,"shubert","2D"
1,1.5,0,2.11,"shubert","2D"
1,2,0,-1.468,"shubert","2D"
1,2.5,0,1.639,"shubert","2D"
1,3,0,-0.402,"shubert","2D"
1,3.5,0,1.305,"shubert","2D"
1,4,0,0.508,"shubert","2D"
1,4.5,0,0.964,"shubert","2D"
1,5,0,-17.218,"shubert","2D"
1.5,-5,0,-3.364,"shubert","2D"
1.5,-4.5,0,3.194,"shubert","2D"
1.5,-4,0,-3.444,"shubert","2D"
1.5,-3.5,0,3.122,"shubert","2D"
1.5,-3,0,-4.274,"shubert","2D"
1.5,-2.5,0,4.233,"shubert","2D"
1.5,-2,0,-7.292,"shubert","2D"
1.5,-1.5,0,14.199,"shubert","2D"
1.5,-1,0,-9.588,"shubert","2D"
1.5,-0.5,0,-3.05,"shubert","2D"
1.5,0,0,5.274,"shubert","2D"
1.5,0.5,0,-2.059,"shubert","2D"
1.5,1,0,2.11,"shubert","2D"
1.5,1.5,0,-1.4,"shubert","2D"
1.5,2,0,0.974,"shubert","2D"
1.5,2.5,0,-1.087,"shubert","2D"
1.5,3,0,0.267,"shubert","2D"
1.5,3.5,0,-0.866,"shubert","2D"
1.5,4,0,-0.337,"shubert","2D"
1.5,4.5,0,-0.639,"shubert","2D"
1.5,5,0,11.422,"shubert","2D"
2,-5,0,2.34,"shubert","2D"
2,-4.5,0,-2.222,"shubert","2D"
2,-4,0,2.396,"shubert","2D"
2,-3.5,0,-2.172,"shubert","2D"
2,-3,0,2.973,"shubert","2D"
2,-2.5,0,-2.944,"shubert","2D"
2,-2,0,5.072,"shubert","2D"
2,-1.5,0,-9.877,"shubert","2D"
2,-1,0,6.669,"shubert","2D"
2,-0.5,0,2.122,"shubert","2D"
2,0,0,-3.669,"shubert","2D"
2,0.5,0,1.433,"shubert","2D"
2,1,0,-1.468,"shubert","2D"
2,1.5,0,0.974,"shubert","2D"
2,2,0,-0.677,"shubert","2D"
2,2.5,0,0.756,"shubert","2D"
2,3,0,-0.186,"shubert","2D"
2,3.5,0,0.602,"shubert","2D"
2,4,0,0.234,"shubert","2D"
2,4.5,0,0.445,"shubert","2D"
2,5,0,-7.945,"shubert","2D"
2.5,-5,0,-2.613,"shubert","2D"
2.5,-4.5,0,2.481,"shubert","2D"
2.5,-4,0,-2.675,"shubert","2D"
2.5,-3.5,0,2.425,"shubert","2D"
2.5,-3,0,-3.32,"shubert","2D"
2.5,-2.5,0,3.288,"shubert","2D"
2.5,-2,0,-5.665,"shubert","2D"
2.5,-1.5,0,11.03,"shubert","2D"
2.5,-1,0,-7.448,"shubert","2D"
2.5,-0.5,0,-2.369,"shubert","2D"
2.5,0,0,4.097,"shubert","2D"
2.5,0.5,0,-1.6,"shubert","2D"
2.5,1,0,1.639,"shubert","2D"
2.5,1.5,0,-1.087,"shubert","2D"
2.5,2,0,0.756,"shubert","2D"
2.5,2.5,0,-0.845,"shubert","2D"
2.5,3,0,0.207,"shubert","2D"
2.5,3.5,0,-0.673,"shubert","2D"
2.5,4,0,-0.262,"shubert","2D"
2.5,4.5,0,-0.497,"shubert","2D"
2.5,5,0,8.873,"shubert","2D"
3,-5,0,0.642,"shubert","2D"
3,-4.5,0,-0.609,"shubert","2D"
3,-4,0,0.657,"shubert","2D"
3,-3.5,0,-0.596,"shubert","2D"
3,-3,0,0.815,"shubert","2D"
3,-2.5,0,-0.807,"shubert","2D"
3,-2,0,1.391,"shubert","2D"
3,-1.5,0,-2.708,"shubert","2D"
3,-1,0,1.829,"shubert","2D"
3,-0.5,0,0.582,"shubert","2D"
3,0,0,-1.006,"shubert","2D"
3,0.5,0,0.393,"shubert","2D"
3,1,0,-0.402,"shubert","2D"
3,1.5,0,0.267,"shubert","2D"
3,2,0,-0.186,"shubert","2D"
3,2.5,0,0.207,"shubert","2D"
3,3,0,-0.051,"shubert","2D"
3,3.5,0,0.165,"shubert","2D"
3,4,0,0.064,"shubert","2D"
3,4.5,0,0.122,"shubert","2D"
3,5,0,-2.179,"shubert","2D"
3.5,-5,0,-2.081,"shubert","2D"
3.5,-4.5,0,1.976,"shubert","2D"
3.5,-4,0,-2.131,"shubert","2D"
3.5,-3.5,0,1.932,"shubert","2D"
3.5,-3,0,-2.645,"shubert","2D"
3.5,-2.5,0,2.619,"shubert","2D"
3.5,-2,0,-4.512,"shubert","2D"
3.5,-1.5,0,8.786,"shubert","2D"
3.5,-1,0,-5.933,"shubert","2D"
3.5,-0.5,0,-1.887,"shubert","2D"
3.5,0,0,3.264,"shubert","2D"
3.5,0.5,0,-1.274,"shubert","2D"
3.5,1,0,1.305,"shubert","2D"
3.5,1.5,0,-0.866,"shubert","2D"
3.5,2,0,0.602,"shubert","2D"
3.5,2.5,0,-0.673,"shubert","2D"
3.5,3,0,0.165,"shubert","2D"
3.5,3.5,0,-0.536,"shubert","2D"
3.5,4,0,-0.209,"shubert","2D"
3.5,4.5,0,-0.396,"shubert","2D"
3.5,5,0,7.068,"shubert","2D"
4,-5,0,-0.81,"shubert","2D"
4,-4.5,0,0.769,"shubert","2D"
4,-4,0,-0.829,"shubert","2D"
4,-3.5,0,0.752,"shubert","2D"
4,-3,0,-1.029,"shubert","2D"
4,-2.5,0,1.019,"shubert","2D"
4,-2,0,-1.756,"shubert","2D"
4,-1.5,0,3.419,"shubert","2D"
4,-1,0,-2.309,"shubert","2D"
4,-0.5,0,-0.735,"shubert","2D"
4,0,0,1.27,"shubert","2D"
4,0.5,0,-0.496,"shubert","2D"
4,1,0,0.508,"shubert","2D"
4,1.5,0,-0.337,"shubert","2D"
4,2,0,0.234,"shubert","2D"
4,2.5,0,-0.262,"shubert","2D"
4,3,0,0.064,"shubert","2D"
4,3.5,0,-0.209,"shubert","2D"
4,4,0,-0.081,"shubert","2D"
4,4.5,0,-0.154,"shubert","2D"
4,5,0,2.751,"shubert","2D"
4.5,-5,0,-1.537,"shubert","2D"
4.5,-4.5,0,1.459,"shubert","2D"
4.5,-4,0,-1.573,"shubert","2D"
4.5,-3.5,0,1.426,"shubert","2D"
4.5,-3,0,-1.953,"shubert","2D"
4.5,-2.5,0,1.934,"shubert","2D"
4.5,-2,0,-3.332,"shubert","2D"
4.5,-1.5,0,6.487,"shubert","2D"
4.5,-1,0,-4.38,"shubert","2D"
4.5,-0.5,0,-1.394,"shubert","2D"
4.5,0,0,2.41,"shubert","2D"
4.5,0.5,0,-0.941,"shubert","2D"
4.5,1,0,0.964,"shubert","2D"
4.5,1.5,0,-0.639,"shubert","2D"
4.5,2,0,0.445,"shubert","2D"
4.5,2.5,0,-0.497,"shubert","2D"
4.5,3,0,0.122,"shubert","2D"
4.5,3.5,0,-0.396,"shubert","2D"
4.5,4,0,-0.154,"shubert","2D"
4.5,4.5,0,-0.292,"shubert","2D"
4.5,5,0,5.218,"shubert","2D"
5,-5,0,27.453,"shubert","2D"
5,-4.5,0,-26.065,"shubert","2D"
5,-4,0,28.106,"shubert","2D"
5,-3.5,0,-25.482,"shubert","2D"
5,-3,0,34.884,"shubert","2D"
5,-2.5,0,-34.546,"shubert","2D"
5,-2,0,59.513,"shubert","2D"
5,-1.5,0,-115.885,"shubert","2D"
5,-1,0,78.25,"shubert","2D"
5,-0.5,0,24.894,"shubert","2D"
5,0,0,-43.045,"shubert","2D"
5,0.5,0,16.807,"shubert","2D"
5,1,0,-17.218,"shubert","2D"
5,1.5,0,11.422,"shubert","2D"
5,2,0,-7.945,"shubert","2D"
5,2.5,0,8.873,"shubert","2D"
5,3,0,-2.179,"shubert","2D"
5,3.5,0,7.068,"shubert","2D"
5,4,0,2.751,"shubert","2D"
5,4.5,0,5.218,"shubert","2D"
5,5,0,-93.221,"shubert","2D"
0.5,0.5,0,-0.604,"vincent","2D"
0.5,1,0,-0.302,"vincent","2D"
0.5,1.5,0,-0.698,"vincent","2D"
0.5,2,0,0,"vincent","2D"
0.5,2.5,0,-0.172,"vincent","2D"
0.5,3,0,-0.802,"vincent","2D"
0.5,3.5,0,-0.321,"vincent","2D"
0.5,4,0,0.179,"vincent","2D"
0.5,4.5,0,0.007,"vincent","2D"
0.5,5,0,-0.49,"vincent","2D"
0.5,5.5,0,-0.789,"vincent","2D"
0.5,6,0,-0.703,"vincent","2D"
0.5,6.5,0,-0.367,"vincent","2D"
0.5,7,0,-0.016,"vincent","2D"
0.5,7.5,0,0.18,"vincent","2D"
0.5,8,0,0.164,"vincent","2D"
0.5,8.5,0,-0.024,"vincent","2D"
0.5,9,0,-0.292,"vincent","2D"
0.5,9.5,0,-0.551,"vincent","2D"
0.5,10,0,-0.732,"vincent","2D"
0.5,10.5,0,-0.801,"vincent","2D"
1,0.5,0,-0.302,"vincent","2D"
1,1,0,0,"vincent","2D"
1,1.5,0,-0.396,"vincent","2D"
1,2,0,0.302,"vincent","2D"
1,2.5,0,0.129,"vincent","2D"
1,3,0,-0.5,"vincent","2D"
1,3.5,0,-0.019,"vincent","2D"
1,4,0,0.481,"vincent","2D"
1,4.5,0,0.309,"vincent","2D"
1,5,0,-0.188,"vincent","2D"
1,5.5,0,-0.487,"vincent","2D"
1,6,0,-0.401,"vincent","2D"
1,6.5,0,-0.066,"vincent","2D"
1,7,0,0.286,"vincent","2D"
1,7.5,0,0.482,"vincent","2D"
1,8,0,0.465,"vincent","2D"
1,8.5,0,0.278,"vincent","2D"
1,9,0,0.009,"vincent","2D"
1,9.5,0,-0.249,"vincent","2D"
1,10,0,-0.43,"vincent","2D"
1,10.5,0,-0.499,"vincent","2D"
1.5,0.5,0,-0.698,"vincent","2D"
1.5,1,0,-0.396,"vincent","2D"
1.5,1.5,0,-0.791,"vincent","2D"
1.5,2,0,-0.094,"vincent","2D"
1.5,2.5,0,-0.266,"vincent","2D"
1.5,3,0,-0.896,"vincent","2D"
1.5,3.5,0,-0.415,"vincent","2D"
1.5,4,0,0.086,"vincent","2D"
1.5,4.5,0,-0.086,"vincent","2D"
1.5,5,0,-0.584,"vincent","2D"
1.5,5.5,0,-0.882,"vincent","2D"
1.5,6,0,-0.797,"vincent","2D"
1.5,6.5,0,-0.461,"vincent","2D"
1.5,7,0,-0.109,"vincent","2D"
1.5,7.5,0,0.086,"vincent","2D"
1.5,8,0,0.07,"vincent","2D"
1.5,8.5,0,-0.117,"vincent","2D"
1.5,9,0,-0.386,"vincent","2D"
1.5,9.5,0,-0.645,"vincent","2D"
1.5,10,0,-0.826,"vincent","2D"
1.5,10.5,0,-0.895,"vincent","2D"
2,0.5,0,0,"vincent","2D"
2,1,0,0.302,"vincent","2D"
2,1.5,0,-0.094,"vincent","2D"
2,2,0,0.604,"vincent","2D"
2,2.5,0,0.431,"vincent","2D"
2,3,0,-0.198,"vincent","2D"
2,3.5,0,0.283,"vincent","2D"
2,4,0,0.783,"vincent","2D"
2,4.5,0,0.611,"vincent","2D"
2,5,0,0.113,"vincent","2D"
2,5.5,0,-0.185,"vincent","2D"
2,6,0,-0.099,"vincent","2D"
2,6.5,0,0.236,"vincent","2D"
2,7,0,0.588,"vincent","2D"
2,7.5,0,0.784,"vincent","2D"
2,8,0,0.767,"vincent","2D"
2,8.5,0,0.58,"vincent","2D"
2,9,0,0.311,"vincent","2D"
2,9.5,0,0.053,"vincent","2D"
2,10,0,-0.128,"vincent","2D"
2,10.5,0,-0.198,"vincent","2D"
2.5,0.5,0,-0.172,"vincent","2D"
2.5,1,0,0.129,"vincent","2D"
2.5,1.5,0,-0.266,"vincent","2D"
2.5,2,0,0.431,"vincent","2D"
2.5,2.5,0,0.259,"vincent","2D"
2.5,3,0,-0.371,"vincent","2D"
2.5,3.5,0,0.11,"vincent","2D"
2.5,4,0,0.611,"vincent","2D"
2.5,4.5,0,0.439,"vincent","2D"
2.5,5,0,-0.059,"vincent","2D"
2.5,5.5,0,-0.357,"vincent","2D"
2.5,6,0,-0.272,"vincent","2D"
2.5,6.5,0,0.064,"vincent","2D"
2.5,7,0,0.416,"vincent","2D"
2.5,7.5,0,0.611,"vincent","2D"
2.5,8,0,0.595,"vincent","2D"
2.5,8.5,0,0.408,"vincent","2D"
2.5,9,0,0.139,"vincent","2D"
2.5,9.5,0,-0.12,"vincent","2D"
2.5,10,0,-0.3,"vincent","2D"
2.5,10.5,0,-0.37,"vincent","2D"
3,0.5,0,-0.802,"vincent","2D"
3,1,0,-0.5,"vincent","2D"
3,1.5,0,-0.896,"vincent","2D"
3,2,0,-0.198,"vincent","2D"
3,2.5,0,-0.371,"vincent","2D"
3,3,0,-1,"vincent","2D"
3,3.5,0,-0.519,"vincent","2D"
3,4,0,-0.019,"vincent","2D"
3,4.5,0,-0.191,"vincent","2D"
3,5,0,-0.688,"vincent","2D"
3,5.5,0,-0.987,"vincent","2D"
3,6,0,-0.901,"vincent","2D"
3,6.5,0,-0.566,"vincent","2D"
3,7,0,-0.214,"vincent","2D"
3,7.5,0,-0.018,"vincent","2D"
3,8,0,-0.035,"vincent","2D"
3,8.5,0,-0.222,"vincent","2D"
3,9,0,-0.491,"vincent","2D"
3,9.5,0,-0.749,"vincent","2D"
3,10,0,-0.93,"vincent","2D"
3,10.5,0,-0.999,"vincent","2D"
3.5,0.5,0,-0.321,"vincent","2D"
3.5,1,0,-0.019,"vincent","2D"
3.5,1.5,0,-0.415,"vincent","2D"
3.5,2,0,0.283,"vincent","2D"
3.5,2.5,0,0.11,"vincent","2D"
3.5,3,0,-0.519,"vincent","2D"
3.5,3.5,0,-0.039,"vincent","2D"
3.5,4,0,0.462,"vincent","2D"
3.5,4.5,0,0.29,"vincent","2D"
3.5,5,0,-0.208,"vincent","2D"
3.5,5.5,0,-0.506,"vincent","2D"
3.5,6,0,-0.421,"vincent","2D"
3.5,6.5,0,-0.085,"vincent","2D"
3.5,7,0,0.267,"vincent","2D"
3.5,7.5,0,0.462,"vincent","2D"
3.5,8,0,0.446,"vincent","2D"
3.5,8.5,0,0.259,"vincent","2D"
3.5,9,0,-0.01,"vincent","2D"
3.5,9.5,0,-0.269,"vincent","2D"
3.5,10,0,-0.449,"vincent","2D"
3.5,10.5,0,-0.519,"vincent","2D"
4,0.5,0,0.179,"vincent","2D"
4,1,0,0.481,"vincent","2D"
4,1.5,0,0.086,"vincent","2D"
4,2,0,0.783,"vincent","2D"
4,2.5,0,0.611,"vincent","2D"
4,3,0,-0.019,"vincent","2D"
4,3.5,0,0.462,"vincent","2D"
4,4,0,0.963,"vincent","2D"
4,4.5,0,0.791,"vincent","2D"
4,5,0,0.293,"vincent","2D"
4,5.5,0,-0.005,"vincent","2D"
4,6,0,0.08,"vincent","2D"
4,6.5,0,0.416,"vincent","2D"
4,7,0,0.768,"vincent","2D"
4,7.5,0,0.963,"vincent","2D"
4,8,0,0.947,"vincent","2D"
4,8.5,0,0.76,"vincent","2D"
4,9,0,0.491,"vincent","2D"
4,9.5,0,0.232,"vincent","2D"
4,10,0,0.051,"vincent","2D"
4,10.5,0,-0.018,"vincent","2D"
4.5,0.5,0,0.007,"vincent","2D"
4.5,1,0,0.309,"vincent","2D"
4.5,1.5,0,-0.086,"vincent","2D"
4.5,2,0,0.611,"vincent","2D"
4.5,2.5,0,0.439,"vincent","2D"
4.5,3,0,-0.191,"vincent","2D"
4.5,3.5,0,0.29,"vincent","2D"
4.5,4,0,0.791,"vincent","2D"
4.5,4.5,0,0.619,"vincent","2D"
4.5,5,0,0.121,"vincent","2D"
4.5,5.5,0,-0.177,"vincent","2D"
4.5,6,0,-0.092,"vincent","2D"
4.5,6.5,0,0.244,"vincent","2D"
4.5,7,0,0.596,"vincent","2D"
4.5,7.5,0,0.791,"vincent","2D"
4.5,8,0,0.775,"vincent","2D"
4.5,8.5,0,0.588,"vincent","2D"
4.5,9,0,0.319,"vincent","2D"
4.5,9.5,0,0.06,"vincent","2D"
4.5,10,0,-0.12,"vincent","2D"
4.5,10.5,0,-0.19,"vincent","2D"
5,0.5,0,-0.49,"vincent","2D"
5,1,0,-0.188,"vincent","2D"
5,1.5,0,-0.584,"vincent","2D"
5,2,0,0.113,"vincent","2D"
5,2.5,0,-0.059,"vincent","2D"
5,3,0,-0.688,"vincent","2D"
5,3.5,0,-0.208,"vincent","2D"
5,4,0,0.293,"vincent","2D"
5,4.5,0,0.121,"vincent","2D"
5,5,0,-0.377,"vincent","2D"
5,5.5,0,-0.675,"vincent","2D"
5,6,0,-0.59,"vincent","2D"
5,6.5,0,-0.254,"vincent","2D"
5,7,0,0.098,"vincent","2D"
5,7.5,0,0.293,"vincent","2D"
5,8,0,0.277,"vincent","2D"
5,8.5,0,0.09,"vincent","2D"
5,9,0,-0.179,"vincent","2D"
5,9.5,0,-0.438,"vincent","2D"
5,10,0,-0.618,"vincent","2D"
5,10.5,0,-0.688,"vincent","2D"
5.5,0.5,0,-0.789,"vincent","2D"
5.5,1,0,-0.487,"vincent","2D"
5.5,1.5,0,-0.882,"vincent","2D"
5.5,2,0,-0.185,"vincent","2D"
5.5,2.5,0,-0.357,"vincent","2D"
5.5,3,0,-0.987,"vincent","2D"
5.5,3.5,0,-0.506,"vincent","2D"
5.5,4,0,-0.005,"vincent","2D"
5.5,4.5,0,-0.177,"vincent","2D"
5.5,5,0,-0.675,"vincent","2D"
5.5,5.5,0,-0.973,"vincent","2D"
5.5,6,0,-0.888,"vincent","2D"
5.5,6.5,0,-0.552,"vincent","2D"
5.5,7,0,-0.2,"vincent","2D"
5.5,7.5,0,-0.005,"vincent","2D"
5.5,8,0,-0.021,"vincent","2D"
5.5,8.5,0,-0.208,"vincent","2D"
5.5,9,0,-0.477,"vincent","2D"
5.5,9.5,0,-0.736,"vincent","2D"
5.5,10,0,-0.917,"vincent","2D"
5.5,10.5,0,-0.986,"vincent","2D"
6,0.5,0,-0.703,"vincent","2D"
6,1,0,-0.401,"vincent","2D"
6,1.5,0,-0.797,"vincent","2D"
6,2,0,-0.099,"vincent","2D"
6,2.5,0,-0.272,"vincent","2D"
6,3,0,-0.901,"vincent","2D"
6,3.5,0,-0.421,"vincent","2D"
6,4,0,0.08,"vincent","2D"
6,4.5,0,-0.092,"vincent","2D"
6,5,0,-0.59,"vincent","2D"
6,5.5,0,-0.888,"vincent","2D"
6,6,0,-0.803,"vincent","2D"
6,6.5,0,-0.467,"vincent","2D"
6,7,0,-0.115,"vincent","2D"
6,7.5,0,0.08,"vincent","2D"
6,8,0,0.064,"vincent","2D"
6,8.5,0,-0.123,"vincent","2D"
6,9,0,-0.392,"vincent","2D"
6,9.5,0,-0.651,"vincent","2D"
6,10,0,-0.831,"vincent","2D"
6,10.5,0,-0.901,"vincent","2D"
6.5,0.5,0,-0.367,"vincent","2D"
6.5,1,0,-0.066,"vincent","2D"
6.5,1.5,0,-0.461,"vincent","2D"
6.5,2,0,0.236,"vincent","2D"
6.5,2.5,0,0.064,"vincent","2D"
6.5,3,0,-0.566,"vincent","2D"
6.5,3.5,0,-0.085,"vincent","2D"
6.5,4,0,0.416,"vincent","2D"
6.5,4.5,0,0.244,"vincent","2D"
6.5,5,0,-0.254,"vincent","2D"
6.5,5.5,0,-0.552,"vincent","2D"
6.5,6,0,-0.467,"vincent","2D"
6.5,6.5,0,-0.131,"vincent","2D"
6.5,7,0,0.221,"vincent","2D"
6.5,7.5,0,0.416,"vincent","2D"
6.5,8,0,0.4,"vincent","2D"
6.5,8.5,0,0.213,"vincent","2D"
6.5,9,0,-0.056,"vincent","2D"
6.5,9.5,0,-0.315,"vincent","2D"
6.5,10,0,-0.495,"vincent","2D"
6.5,10.5,0,-0.565,"vincent","2D"
7,0.5,0,-0.016,"vincent","2D"
7,1,0,0.286,"vincent","2D"
7,1.5,0,-0.109,"vincent","2D"
7,2,0,0.588,"vincent","2D"
7,2.5,0,0.416,"vincent","2D"
7,3,0,-0.214,"vincent","2D"
7,3.5,0,0.267,"vincent","2D"
7,4,0,0.768,"vincent","2D"
7,4.5,0,0.596,"vincent","2D"
7,5,0,0.098,"vincent","2D"
7,5.5,0,-0.2,"vincent","2D"
7,6,0,-0.115,"vincent","2D"
7,6.5,0,0.221,"vincent","2D"
7,7,0,0.572,"vincent","2D"
7,7.5,0,0.768,"vincent","2D"
7,8,0,0.752,"vincent","2D"
7,8.5,0,0.565,"vincent","2D"
7,9,0,0.296,"vincent","2D"
7,9.5,0,0.037,"vincent","2D"
7,10,0,-0.144,"vincent","2D"
7,10.5,0,-0.213,"vincent","2D"
7.5,0.5,0,0.18,"vincent","2D"
7.5,1,0,0.482,"vincent","2D"
7.5,1.5,0,0.086,"vincent","2D"
7.5,2,0,0.784,"vincent","2D"
7.5,2.5,0,0.611,"vincent","2D"
7.5,3,0,-0.018,"vincent","2D"
7.5,3.5,0,0.462,"vincent","2D"
7.5,4,0,0.963,"vincent","2D"
7.5,4.5,0,0.791,"vincent","2D"
7.5,5,0,0.293,"vincent","2D"
7.5,5.5,0,-0.005,"vincent","2D"
7.5,6,0,0.08,"vincent","2D"
7.5,6.5,0,0.416,"vincent","2D"
7.5,7,0,0.768,"vincent","2D"
7.5,7.5,0,0.963,"vincent","2D"
7.5,8,0,0.947,"vincent","2D"
7.5,8.5,0,0.76,"vincent","2D"
7.5,9,0,0.491,"vincent","2D"
7.5,9.5,0,0.233,"vincent","2D"
7.5,10,0,0.052,"vincent","2D"
7.5,10.5,0,-0.018,"vincent","2D"
8,0.5,0,0.164,"vincent","2D"
8,1,0,0.465,"vincent","2D"
8,1.5,0,0.07,"vincent","2D"
8,2,0,0.767,"vincent","2D"
8,2.5,0,0.595,"vincent","2D"
8,3,0,-0.035,"vincent","2D"
8,3.5,0,0.446,"vincent","2D"
8,4,0,0.947,"vincent","2D"
8,4.5,0,0.775,"vincent","2D"
8,5,0,0.277,"vincent","2D"
8,5.5,0,-0.021,"vincent","2D"
8,6,0,0.064,"vincent","2D"
8,6.5,0,0.4,"vincent","2D"
8,7,0,0.752,"vincent","2D"
8,7.5,0,0.947,"vincent","2D"
8,8,0,0.931,"vincent","2D"
8,8.5,0,0.744,"vincent","2D"
8,9,0,0.475,"vincent","2D"
8,9.5,0,0.216,"vincent","2D"
8,10,0,0.036,"vincent","2D"
8,10.5,0,-0.034,"vincent","2D"
8.5,0.5,0,-0.024,"vincent","2D"
8.5,1,0,0.278,"vincent","2D"
8.5,1.5,0,-0.117,"vincent","2D"
8.5,2,0,0.58,"vincent","2D"
8.5,2.5,0,0.408,"vincent","2D"
8.5,3,0,-0.222,"vincent","2D"
8.5,3.5,0,0.259,"vincent","2D"
8.5,4,0,0.76,"vincent","2D"
8.5,4.5,0,0.588,"vincent","2D"
8.5,5,0,0.09,"vincent","2D"
8.5,5.5,0,-0.208,"vincent","2D"
8.5,6,0,-0.123,"vincent","2D"
8.5,6.5,0,0.213,"vincent","2D"
8.5,7,0,0.565,"vincent","2D"
8.5,7.5,0,0.76,"vincent","2D"
8.5,8,0,0.744,"vincent","2D"
8.5,8.5,0,0.557,"vincent","2D"
8.5,9,0,0.288,"vincent","2D"
8.5,9.5,0,0.029,"vincent","2D"
8.5,10,0,-0.151,"vincent","2D"
8.5,10.5,0,-0.221,"vincent","2D"
9,0.5,0,-0.292,"vincent","2D"
9,1,0,0.009,"vincent","2D"
9,1.5,0,-0.386,"vincent","2D"
9,2,0,0.311,"vincent","2D"
9,2.5,0,0.139,"vincent","2D"
9,3,0,-0.491,"vincent","2D"
9,3.5,0,-0.01,"vincent","2D"
9,4,0,0.491,"vincent","2D"
9,4.5,0,0.319,"vincent","2D"
9,5,0,-0.179,"vincent","2D"
9,5.5,0,-0.477,"vincent","2D"
9,6,0,-0.392,"vincent","2D"
9,6.5,0,-0.056,"vincent","2D"
9,7,0,0.296,"vincent","2D"
9,7.5,0,0.491,"vincent","2D"
9,8,0,0.475,"vincent","2D"
9,8.5,0,0.288,"vincent","2D"
9,9,0,0.019,"vincent","2D"
9,9.5,0,-0.24,"vincent","2D"
9,10,0,-0.42,"vincent","2D"
9,10.5,0,-0.49,"vincent","2D"
9.5,0.5,0,-0.551,"vincent","2D"
9.5,1,0,-0.249,"vincent","2D"
9.5,1.5,0,-0.645,"vincent","2D"
9.5,2,0,0.053,"vincent","2D"
9.5,2.5,0,-0.12,"vincent","2D"
9.5,3,0,-0.749,"vincent","2D"
9.5,3.5,0,-0.269,"vincent","2D"
9.5,4,0,0.232,"vincent","2D"
9.5,4.5,0,0.06,"vincent","2D"
9.5,5,0,-0.438,"vincent","2D"
9.5,5.5,0,-0.736,"vincent","2D"
9.5,6,0,-0.651,"vincent","2D"
9.5,6.5,0,-0.315,"vincent","2D"
9.5,7,0,0.037,"vincent","2D"
9.5,7.5,0,0.233,"vincent","2D"
9.5,8,0,0.216,"vincent","2D"
9.5,8.5,0,0.029,"vincent","2D"
9.5,9,0,-0.24,"vincent","2D"
9.5,9.5,0,-0.498,"vincent","2D"
9.5,10,0,-0.679,"vincent","2D"
9.5,10.5,0,-0.749,"vincent","2D"
10,0.5,0,-0.732,"vincent","2D"
10,1,0,-0.43,"vincent","2D"
10,1.5,0,-0.826,"vincent","2D"
10,2,0,-0.128,"vincent","2D"
10,2.5,0,-0.3,"vincent","2D"
10,3,0,-0.93,"vincent","2D"
10,3.5,0,-0.449,"vincent","2D"
10,4,0,0.051,"vincent","2D"
10,4.5,0,-0.12,"vincent","2D"
10,5,0,-0.618,"vincent","2D"
10,5.5,0,-0.917,"vincent","2D"
10,6,0,-0.831,"vincent","2D"
10,6.5,0,-0.495,"vincent","2D"
10,7,0,-0.144,"vincent","2D"
10,7.5,0,0.052,"vincent","2D"
10,8,0,0.036,"vincent","2D"
10,8.5,0,-0.151,"vincent","2D"
10,9,0,-0.42,"vincent","2D"
10,9.5,0,-0.679,"vincent","2D"
10,10,0,-0.86,"vincent","2D"
10,10.5,0,-0.929,"vincent","2D"
10.5,0.5,0,-0.801,"vincent","2D"
10.5,1,0,-0.499,"vincent","2D"
10.5,1.5,0,-0.895,"vincent","2D"
10.5,2,0,-0.198,"vincent","2D"
10.5,2.5,0,-0.37,"vincent","2D"
10.5,3,0,-0.999,"vincent","2D"
10.5,3.5,0,-0.519,"vincent","2D"
10.5,4,0,-0.018,"vincent","2D"
10.5,4.5,0,-0.19,"vincent","2D"
10.5,5,0,-0.688,"vincent","2D"
10.5,5.5,0,-0.986,"vincent","2D"
10.5,6,0,-0.901,"vincent","2D"
10.5,6.5,0,-0.565,"vincent","2D"
10.5,7,0,-0.213,"vincent","2D"
10.5,7.5,0,-0.018,"vincent","2D"
10.5,8,0,-0.034,"vincent","2D"
10.5,8.5,0,-0.221,"vincent","2D"
10.5,9,0,-0.49,"vincent","2D"
10.5,9.5,0,-0.749,"vincent","2D"
10.5,10,0,-0.929,"vincent","2D"
10.5,10.5,0,-0.999,"vincent","2D"
